Group,Average_Score_With_Haptics,Average_Score_Without_Haptics,P-Value
Highly Engaged,89.47315337988421,63.30115653912533,3.423677820798652e-20
Low Engaged,63.760181184520185,67.61689883698739,0.08937581488368773
